#chrom	start	end	APR469--1.bam	APR469-1.bam	APR469--2.bam	APR469-2.bam	APR469--3.bam	APR469-3.bam	APR469--4.bam	APR469-4.bam	APR469--5.bam	APR469-5.bam	EG10.bam	EG11.bam	EG12.bam	EG1.bam	EG2.bam	EG3.bam	EG4.bam	EG5.bam	EG6.bam	EG8.bam	EG9.bam	G1-469.bam	G1-469-.bam	G1-N2.bam	G1-N2-.bam	G2-469.bam	G2-469-.bam	G2-N2.bam	G2-N2-.bam	G3-469.bam	G3-469-.bam	G3-N2.bam	G3-N2-.bam	G4-469.bam	G4-469-.bam	G4-N2.bam	G4-N2-.bam	G5-469.bam	G5-469-.bam	G5-N2.bam	G5-N2-.bam	N2--1.bam	N2-1.bam	N2--2.bam	N2-2.bam	N2--3.bam	N2-3.bam	N2--4.bam	N2-4.bam	N2--5.bam	N2-5.bam	VH1075-1.bam	VH1075-2.bam	VH1075-3.bam	VH1075-4.bam	VH1075-5.bam
I	7695681	7698222	gld1	1.432662	8.349684	1.843541	8.654549	1.300117	8.717453	8.593236	1.262457	8.325011	1.274028	6.568572	3.823501	0.000000	10.282988	6.180782	17.295662	9.776336	5.148301	6.824022	2.213541	20.948729	20.069545	3.212650	19.462987	2.374959	21.331144	3.470887	21.126435	3.010191	18.874022	3.400470	13.862415	2.624580	21.198539	3.643823	19.230504	2.372817	21.044518	2.981778	18.978996	3.263273	1.465456	12.495454	1.632810	10.386477	1.729494	8.715412	1.440725	7.762475	1.993284	9.272064	2.902303	2.595803	3.708656	5.030413	3.785006
I	12483809	12486235	sygl1	0.105446	1.444287	0.178475	1.556654	0.195037	1.575349	2.056032	0.231718	1.730197	0.125953	4.021375	0.487577	0.000000	0.824603	0.962701	1.496742	1.520782	2.757219	2.002314	0.209102	6.370013	2.672200	0.431559	3.172870	0.257842	3.013034	0.312431	3.399165	0.335366	2.616981	0.442993	2.471709	0.307159	3.347396	0.421653	2.796671	0.227361	2.924657	0.409369	2.892046	0.404362	0.111475	1.614203	0.172571	1.748857	0.161405	1.463377	0.143246	1.460450	0.147952	1.424366	0.364786	0.509908	0.643139	0.832245	0.539181
